Nombre,Dirección,Email,Teléfono,Localidad,Provincia,Latitud,Longitud,Barrio
"Lic. Badaloni, Rosana María","Guatemala 4261 7° ""A""",rosanabadaloni@gmail.com,15-6011-6002,Ciudad de Buenos Aires,Ciudad de Buenos Aires,-34.58902359008789,-58.419898986816406,Palermo
"Lic. Traversaro Varela, Guadalupe","Av. Rivadavia 6747 12° ""113""",guafral@hotmail.com,15-6456-6566,Ciudad de Buenos Aires,Ciudad de Buenos Aires,-34.628143310546875,-58.46033477783203,Flores - Floresta
"Lic. Cicchini, Valeria Viviana","La Pampa 2326 4° ""408""",valeria.cicchini@gmail.com,15-5729-3797,Ciudad de Buenos Aires,Ciudad de Buenos Aires,-34.564414978027344,-58.45355224609375,Belgrano - Colegiales
"Lic. Romero, Graciela Alejandra","Viamonte 1646 4° ""42""",gracielalinari@gmail.com,15-3024-1709,Ciudad de Buenos Aires,Ciudad de Buenos Aires,-34.60088348388672,-58.39065170288086,Centro - Retiro - Monserrat - Puerto Madero
"Lic. Drake, Marina Alejandra","Esmeralda 961 6° ""H""",,(011) 4311-7864,Ciudad de Buenos Aires,Ciudad de Buenos Aires,-34.596923828125,-58.3785400390625,Centro - Retiro - Monserrat - Puerto Madero
"Lic. González, Lucila Belén",Monroe 2887,lucilabg@gmail.com,15-5668-8627,Ciudad de Buenos Aires,Ciudad de Buenos Aires,-34.560752868652344,-58.46455001831055,Belgrano - Colegiales
"Lic. Chami, Mariano","La Pampa 2326 4° ""408""",marchami@gmail.com,15-5726-7021,Ciudad de Buenos Aires,Ciudad de Buenos Aires,-34.564414978027344,-58.45355224609375,Belgrano - Colegiales
"Lic. Chiesa, Valeria Soledad","Av. Rivadavia 9368 4° ""D""",evaluacionpsicologicaluro@gmail.com,(011) 4313-5066 15-5049-6720 (Solo WhatsApp),Ciudad de Buenos Aires,Ciudad de Buenos Aires,-34.63713836669922,-58.49568176269531,Liniers - Versailles - Villa Luro - Vélez Sarsfield
"Lic. Crespo, Alicia Liliana","Aguilar 2282 2° ""207""",crespo.alicia@gmail.com,,Ciudad de Buenos Aires,Ciudad de Buenos Aires,-34.56817626953125,-58.44647979736328,Belgrano - Colegiales
"Lic. Cattaneo, Julieta Mercedes","José P. Varela 3192 1° ""F""",julietacattaneo@gmail.com,,Ciudad de Buenos Aires,Ciudad de Buenos Aires,-34.59854507446289,-58.4970588684082,V.del Parque - Agronomía - La Paternal -V.Santa Rita-V.Mitre
"Lic. Taltavull, Candela Carolina","Ciudad de la Paz 2163 5° ""27""",candela.taltavull@gmail.com,,Ciudad de Buenos Aires,Ciudad de Buenos Aires,-34.56184768676758,-58.45821762084961,Belgrano - Colegiales
"Lic. López, Marta Graciela","Av. Segurola 274 3° ""21""",lic_psigra@hotmail.com,15-6966-6991,Ciudad de Buenos Aires,Ciudad de Buenos Aires,-34.63169479370117,-58.485145568847656,Liniers - Versailles - Villa Luro - Vélez Sarsfield
"Lic. Costa, María Alicia","Santa Fe 4970 9° ""H""",mariaaliciacosta@yahoo.com,(011) 2148-8602,Ciudad de Buenos Aires,Ciudad de Buenos Aires,-34.577152252197266,-58.43003463745117,Palermo
"Lic. Traverso, Daniela Vilma","Av. Triunvirato 3627 3° ""A""",dvtraverso@gmail.com,15-4969-2617,Ciudad de Buenos Aires,Ciudad de Buenos Aires,-34.581886291503906,-58.472652435302734,Chacarita - Villa Ortúzar- Villa Crespo
"Lic. Álvarez, Graciela Edith","Arenales 2566 P.B. ""A""",graciela-alvarez@live.com.ar,15-6982-3361,Ciudad de Buenos Aires,Ciudad de Buenos Aires,-34.593170166015625,-58.40282440185547,Recoleta
"Lic. Viola, Marta Beatriz",Av. R. Scalabrini Ortiz 2082 2°,marbviola@gmail.com,(011) 4831-4462,Ciudad de Buenos Aires,Ciudad de Buenos Aires,-34.58783721923828,-58.42058181762695,Palermo
"Lic. Rico, Gabriela Nancy","Av. Cabildo 336 3° ""B""",gnrico67@gmail.com.ar,15-5178-9423,Ciudad de Buenos Aires,Ciudad de Buenos Aires,-34.57251739501953,-58.440208435058594,Palermo
"Lic. Ferraro, Silvina Mariana","Av. Del Libertador 774 14° ""A""",licferraro@yahoo.com.ar,15-5095-6343,Ciudad de Buenos Aires,Ciudad de Buenos Aires,-34.587947845458984,-58.38386917114258,Centro - Retiro - Monserrat - Puerto Madero
"Lic. Pájaro, Claudia Susana","Cochabamba 605 5° ""D""",,15-3502-8516,Ciudad de Buenos Aires,Ciudad de Buenos Aires,-34.623287200927734,-58.374305725097656,Constitución - Boca - Barracas - San Telmo
"Lic. Arias Paz, María Inés","Monroe 2569 2° ""G""",inesariaspaz@hotmail.com,15-5965-0248,Ciudad de Buenos Aires,Ciudad de Buenos Aires,-34.55902862548828,-58.46166229248047,Belgrano - Colegiales
"Lic. Graca Rodrigues, Inés",Empedrado 2627 P.B.,lic.ines.graca@gmail.com,(011) 4501-6576,Ciudad de Buenos Aires,Ciudad de Buenos Aires,-34.60314178466797,-58.48309326171875,V.del Parque - Agronomía - La Paternal -V.Santa Rita-V.Mitre
"Lic. Papandrea, Silvina Inés","Benito Juárez 3532 1° ""C""",silpapandrea@gmail.com,15-2565-0675 (Solo WhatsApp),Ciudad de Buenos Aires,Ciudad de Buenos Aires,-34.60798263549805,-58.515533447265625,Villa Devoto - Villa Real - Monte Castro
"Lic. Carosia, Andrea Mariana","Llavallol 3430 5° ""B""",lic.amcarosia@hotmail.com,(011) 4501-1220,Ciudad de Buenos Aires,Ciudad de Buenos Aires,-34.599891662597656,-58.50021743774414,V.del Parque - Agronomía - La Paternal -V.Santa Rita-V.Mitre
"Lic. Blanco, Solange",R. Ortiz de Zárate 3470,lic.blancosolange@gmail.com,15-3574-6811,Ciudad de Buenos Aires,Ciudad de Buenos Aires,-34.54851531982422,-58.483154296875,Saavedra - Núñez - Coghlan
"Lic. Rivarola Brítez, María del Rocío","Cochabamba 605 5° ""D""",rociorivarola07@yahoo.com.ar,15-6538-6156,Ciudad de Buenos Aires,Ciudad de Buenos Aires,-34.623287200927734,-58.374305725097656,Constitución - Boca - Barracas - San Telmo
"Lic. Rivarola Brítez, María del Rocío","Sánchez de Bustamante 1624 8° ""A""",rociorivarola07@yahoo.com.ar,15-6538-6156,Ciudad de Buenos Aires,Ciudad de Buenos Aires,-34.59223556518555,-58.41065979003906,Recoleta
"Lic. Pizzini, Alejandra Liliana","Av. Corrientes 2928 2° ""H""",alejandrapizzini@hotmail.com,15-3289-7118 15-6085-7778,Ciudad de Buenos Aires,Ciudad de Buenos Aires,-34.604515075683594,-58.407081604003906,Boedo - Almagro - Congreso - San Cristóbal
"Lic. Misuraca, Mónica","Río de Janeiro 760 8° ""I""",mmisu11@gmail.com,15-5319-4221,Ciudad de Buenos Aires,Ciudad de Buenos Aires,-34.6064453125,-58.43077087402344,Caballito - Parque Chacabuco
"Lic. Fernández, Ana María Cristina","Cabello 3565 11° ""A""",anyfer1@gmail.com,15-4026-0760,Ciudad de Buenos Aires,Ciudad de Buenos Aires,-34.58086395263672,-58.41006851196289,Palermo
"Lic. Manteiga, Silvia Estela","Guatemala 4242 3° ""D""",silvia.manteiga@gmail.com,,Ciudad de Buenos Aires,Ciudad de Buenos Aires,-34.58928680419922,-58.419715881347656,Palermo
"Lic. Balanian, Alicia Isabel","Güemes 4854 P.B. ""2""",balanianalicia@gmail.com,(011) 4773-4268,Ciudad de Buenos Aires,Ciudad de Buenos Aires,-34.58006286621094,-58.425987243652344,Palermo
"Lic. Gelsi, Alejandro Ismael","Av. Del Libertador 8580 6° ""A""",aigelsi@yahoo.com.ar,(011) 5778-0210,Ciudad de Buenos Aires,Ciudad de Buenos Aires,-34.53672790527344,-58.466487884521484,Saavedra - Núñez - Coghlan
"Lic. Díaz, Andrea Ethel","Araoz 528 P.B. ""B""",servicio_psi@hotmail.com,15-4855-6640,Ciudad de Buenos Aires,Ciudad de Buenos Aires,-34.59893035888672,-58.43571853637695,Chacarita - Villa Ortúzar- Villa Crespo
"Lic. Reis, María Raquel","Laprida 1898 15° ""H""",mrreis0303@gmail.com,(011) 4806-7896,Ciudad de Buenos Aires,Ciudad de Buenos Aires,-34.588436126708984,-58.40116882324219,Recoleta
"Lic. Enrique Guaquinchay, Melina Soledad","Paraná 326 10° ""38""",meli_enrique@hotmail.com,,Ciudad de Buenos Aires,Ciudad de Buenos Aires,-34.60511016845703,-58.38816452026367,Centro - Retiro - Monserrat - Puerto Madero
"Lic. Schurman, Ary","Cullen 5106 1° ""2""",ary_leo@hotmail.com,15-5574-8068,Ciudad de Buenos Aires,Ciudad de Buenos Aires,-34.573001861572266,-58.4880256652832,Villa Pueyrredón - Villa Urquiza
"Lic. Mas, Hugo Rodrigo",Nicolás Repetto 1115,mashugor@gmail.com,(011) 4582-0082 15-5137-8724,Ciudad de Buenos Aires,Ciudad de Buenos Aires,-34.60860061645508,-58.44891357421875,Caballito - Parque Chacabuco
"Lic. Trava, Mariela Lorena","Av. Acoyte 76 1° ""A""",mariela-psi@hotmail.com,,Ciudad de Buenos Aires,Ciudad de Buenos Aires,-34.61747360229492,-58.436973571777344,Caballito - Parque Chacabuco
"Lic. Szavaga, Ana María","Ciudad de la Paz 1014 2° ""11""",anaszavaga@gmail.com,(011) 4781-9779,Ciudad de Buenos Aires,Ciudad de Buenos Aires,-34.57017517089844,-58.448509216308594,Belgrano - Colegiales
"Lic. Hirigoyen, María Alicia","José Bonifacio 1969 6° ""D""",marihirii@gmail.com,(011) 2006-7264 15-4427-7313,Ciudad de Buenos Aires,Ciudad de Buenos Aires,-34.63063430786133,-58.45551300048828,Flores - Floresta
"Lic. García Calvo, Susana","Peña 3020 5° ""C""",susanagarciacalvo@yahoo.com.ar,(011) 4805-4292,Ciudad de Buenos Aires,Ciudad de Buenos Aires,-34.58626174926758,-58.40501403808594,Palermo
"Lic. Menéndez, Silvina María","García de Cossio 5524 1° ""A""",silvinamariamenendez@gmail.com,15-5039-0459,Ciudad de Buenos Aires,Ciudad de Buenos Aires,-34.64013671875,-58.50812911987305,Liniers - Versailles - Villa Luro - Vélez Sarsfield
"Lic. Diz, Lorena Cristina","Miralla 1058 6° ""A""",lorediz@yahoo.com.ar,15-6019-4902,Ciudad de Buenos Aires,Ciudad de Buenos Aires,-34.64874267578125,-58.49980163574219,Mataderos - Parque Avellaneda
"Lic. Giraldo, Antonio José","Ciudad de la Paz 2407 1° ""B""",,(011) 4786-9580,Ciudad de Buenos Aires,Ciudad de Buenos Aires,-34.559574127197266,-58.46016311645508,Belgrano - Colegiales
"Lic. Witemberg, Carolina","Gavilán 975 2° ""A""",cwitemberg@gmail.com,15-6179-5877,Ciudad de Buenos Aires,Ciudad de Buenos Aires,-34.6182746887207,-58.464454650878906,Flores - Floresta
"Lic. Witemberg, Carolina","Gurruchaga 640 4° ""B""",cwitemberg@gmail.com,15-6179-5877,Ciudad de Buenos Aires,Ciudad de Buenos Aires,-34.59599685668945,-58.43989562988281,Chacarita - Villa Ortúzar- Villa Crespo
"Lic. Fernández, Carolina Elisabet","Av. Corrientes 3978 12° ""C""",,15-5505-3834,Ciudad de Buenos Aires,Ciudad de Buenos Aires,-34.60333251953125,-58.420711517333984,Boedo - Almagro - Congreso - San Cristóbal
"Lic. García, María Virginia","Colombres 691 5° ""Q""",licmvirgarcia@gmail.com,15-6844-9519 (Solo WhatsApp),Ciudad de Buenos Aires,Ciudad de Buenos Aires,-34.62106704711914,-58.41818618774414,Boedo - Almagro - Congreso - San Cristóbal
"Lic. Donatello, Ignacio","Aristóbulo del Valle 1357 4° ""C""",ignaciodonatello@gmail.com,(011) 4362-4422,Ciudad de Buenos Aires,Ciudad de Buenos Aires,-34.63584899902344,-58.37165451049805,Constitución - Boca - Barracas - San Telmo
"Lic. Berger, Flavia Elena","Av. Crámer 1783 3° ""B""",flaviaberger@yahoo.com,15-5339-6088,Ciudad de Buenos Aires,Ciudad de Buenos Aires,-34.567665100097656,-58.45866394042969,Belgrano - Colegiales
"Lic. Curbelo, Mariela Verónica",Tomás Le Breton 5182 P.B.,marielacurbelo@gmail.com,15-2331-0214,Ciudad de Buenos Aires,Ciudad de Buenos Aires,-34.57099914550781,-58.49030303955078,Villa Pueyrredón - Villa Urquiza
"Lic. Malizia, Mariela Paola",Av. Segurola 2127,buscadoradetalentos@gmail.com,15-4444-7275,Ciudad de Buenos Aires,Ciudad de Buenos Aires,-34.61676788330078,-58.503204345703125,Villa Devoto - Villa Real - Monte Castro
"Lic. Bonelli, Paola Clotilde",Gascón 297,paolabonelli@hotmail.com,(011) 4763-8264,Boulogne,Buenos Aires,-34.49494171142578,-58.553924560546875,Boulogne - Carapachay - Villa Adelina - La Horqueta
"Lic. Kwint Domenech, María Enriqueta",Juan M. de Estrada 3748 1°,enriquetakwint@gmail.com,(011) 4790-8057,La Lucila,Buenos Aires,-34.50072479248047,-58.493370056152344,Martínez - La Lucila
"Lic. Cantagalli de Allievi, Liliana","R. Sáenz Peña 266 1° ""H""",lilicantagalli@gmail.com,15-4471-9613,San Isidro,Buenos Aires,-34.47276306152344,-58.50932693481445,San Isidro - Acassuso - Lomas de San Isidro
"Lic. Gómez Capurro, Denise",F. Bardi 1458,denisemgz@gmail.com,15-5326-8230,Vicente López,Buenos Aires,-34.528385162353516,-58.480194091796875,Olivos - Vicente López
"Lic. Cassarino Badessich, Graciela",Darragueira 957,gracielacassarinob@hotmail.com,15-6549-2318,Boulogne,Buenos Aires,-34.49877166748047,-58.562435150146484,Boulogne - Carapachay - Villa Adelina - La Horqueta
"Lic. Leiva, Paola","Mendoza 1667 2° ""29""",gpaolaleiva@gmail.com,15-4076-3202,Ing. Maschwitz,Buenos Aires,-34.38056564331055,-58.74441146850586,Matheu - Escobar - Maquinista Savio - Ing. Maschwitz
"Lic. Leiva, Paola",Mocoví 86,gpaolaleiva@gmail.com,15-4076-3202,Maquinista Savio,Buenos Aires,-34.405879974365234,-58.76906204223633,Matheu - Escobar - Maquinista Savio - Ing. Maschwitz
"Lic. Peon, María Laura",Luis Piedrabuena 1805,mlpeon@hotmail.com,15-4526-6439 (Solo WhatsApp),Villa Adelina,Buenos Aires,-34.52360534667969,-58.5477294921875,Boulogne - Carapachay - Villa Adelina - La Horqueta
"Lic. Affranchino, Roxana Luisa","Martín y Omar 129 5° ""515""",roxanaaffranchino@gmail.com,15-6400-5741,San Isidro,Buenos Aires,-34.47195816040039,-58.512393951416016,San Isidro - Acassuso - Lomas de San Isidro
"Lic. Putaro Juarros, Anabela",Soldado de Malvinas 1545,licanabelapj@gmail.com,15-3101-4673,Villa Adelina,Buenos Aires,-34.51630783081055,-58.54308319091797,Boulogne - Carapachay - Villa Adelina - La Horqueta
"Lic. Curbelo, Mariela Verónica","Asborno 799 1° ""2""",marielacurbelo@gmail.com,15-2331-0214,Escobar,Buenos Aires,-34.34492111206055,-58.79549789428711,Matheu - Escobar - Maquinista Savio - Ing. Maschwitz
"Lic. Cervio, María Paula","Av. San Martín 1949 1° ""D""",licpaulacervio@gmail.com,15-5928-5029,Florida Este,Buenos Aires,-34.52675247192383,-58.48905563354492,Florida - Munro - Villa Martelli
"Lic. Menéndez, Silvina María",Luis Piedrabuena 1805,silvinamariamenendez@gmail.com,,Villa Adelina,Buenos Aires,-34.52360534667969,-58.5477294921875,Boulogne - Carapachay - Villa Adelina - La Horqueta
"Lic. Montone, Florencia","Estrada 2515 3° ""1""",florenciamontone@yahoo.com.ar,15-4024-9063,Olivos,Buenos Aires,-34.51080322265625,-58.486366271972656,Olivos - Vicente López
"Lic. Correa, María Fernanda","Güemes 2151 7° ""C""",,15-5659-2742,San Martín,Buenos Aires,-34.57939529418945,-58.54187774658203,San Martín-San Andrés-Villa Lynch-Villa Maipú-Villa Zagala
"Lic. Leiva, Paola","Caamaño 1060 3° ""309"" Ed. Officia Pilar Life",gpaolaleiva@gmail.com,15-4076-3202,La Lonja,Buenos Aires,-34.43220138549805,-58.832340240478516,Pilar - Pte. Derqui - Villa Morra - La Lonja - Villa Rosa
"Lic. Gómez, Bárbara Jimena","Av. Dr. R. Balbín 963 6° ""2""",gomezbarbaraj@hotmail.com,15-5747-1751,San Miguel,Buenos Aires,-34.540283203125,-58.71009063720703,Hurlingham-B.Vista-Muñiz-San Miguel-J.C.Paz-Los Polvorines
"Lic. Blanco, Solange",Alvear 2432 P.B.,lic.blancosolange@gmail.com,15-3574-6811,Villa Ballester,Buenos Aires,-34.547969818115234,-58.551422119140625,D.Torcuato-JL.Suárez-Malaver-Chilavert-V.Ballester-Sourdeaux
"Lic. Finozzi de Paula, Natalia Raquel","Bolívar 352 3° ""11""",,15-5854-2000,Ramos Mejía,Buenos Aires,-34.64387130737305,-58.56317901611328,Ciudadela - Ramos Mejía - José Ingenieros
"Lic. Finozzi de Paula, Natalia Raquel",Emilio Mitre 2891,,15-5854-2000,Moreno,Buenos Aires,-34.64870834350586,-58.79081726074219,S.A. de Padua-Merlo-Moreno-Paso del Rey-La Reja-F.Álvarez
"Lic. Maynat, María","25 de Mayo 825 1° ""1""",maynat@gmail.com,15-6477-0340 (Solo WhatsApp),Merlo,Buenos Aires,-34.671058654785156,-58.7182502746582,S.A. de Padua-Merlo-Moreno-Paso del Rey-La Reja-F.Álvarez
"Lic. Fraga, Mirta Nora",Artigas 130,mirtaclean@gmail.com,15-6002-8897,Ituzaingó,Buenos Aires,-34.645503997802734,-58.659156799316406,Castelar - Ituzaingó
"Lic. Endrigo, Graciela Ester","Bolívar 352 4° ""11""",gracielaendrigo@yahoo.com.ar,15-4033-1191,Ramos Mejía,Buenos Aires,-34.64387130737305,-58.56317901611328,Ciudadela - Ramos Mejía - José Ingenieros
"Lic. Ianiero, Ana Laura","Crisólogo Larralde 1110 8° ""B""",,15-6158-6066,Morón,Buenos Aires,-34.64739990234375,-58.62399673461914,Haedo-Morón-V. Tesei-V. Luzuriaga-V. Sarmiento-R. Castillo
"Lic. Santiso, Adriana Gabriela","Casullo 44 6° ""A""",agsantiso@yahoo.com.ar,,Morón,Buenos Aires,-34.64875030517578,-58.623809814453125,Haedo-Morón-V. Tesei-V. Luzuriaga-V. Sarmiento-R. Castillo
"Lic. Del Bueno, Verónica",Saavedra 337,mimi7delbueno@gmail.com,15-5259-6500,Ramos Mejía,Buenos Aires,-34.64809799194336,-58.564491271972656,Ciudadela - Ramos Mejía - José Ingenieros
"Lic. Diz, Lorena Cristina",Atención exclusivamente virtual,lorediz@yahoo.com.ar,15-6019-4902,Haedo,Buenos Aires,-34.6475830078125,-58.593318939208984,Haedo-Morón-V. Tesei-V. Luzuriaga-V. Sarmiento-R. Castillo
"Lic. Galeano, Cintia Patricia","Crisólogo Larralde 1060 10° ""F""",galeano_cintia@hotmail.com,15-2168-7411 (Solo WhatsApp),Morón,Buenos Aires,-34.64740753173828,-58.623291015625,Haedo-Morón-V. Tesei-V. Luzuriaga-V. Sarmiento-R. Castillo
"Lic. Silva, Lorena Jimena","Rosales 138 P.B.""5""",silvaloly@gmail.com,(011) 4658-6308 15-5489-2475,Ramos Mejía,Buenos Aires,-34.643638610839844,-58.563934326171875,Ciudadela - Ramos Mejía - José Ingenieros
"Lic. Vivas, Paula Diamela",Boulogne Sur Mer 1771,pauladiamelavivas@gmail.com,(011) 4441-0521,Tapiales,Buenos Aires,-34.70069885253906,-58.502750396728516,C.Madero-V.Celina-C.Evita-Tapiales-V.Insuperable-Aldo Bonzi
"Lic. Vivas, Paula Diamela","Moreno 50 5° ""C""",pauladiamelavivas@gmail.com,(011) 4627-3707,Ramos Mejía,Buenos Aires,-34.64101028442383,-58.56257247924805,Ciudadela - Ramos Mejía - José Ingenieros
"Lic. Raffin, María Fernanda",Juan B. Alberdi 1636 P.B.,licfernandaraffin@outlook.com,(011) 2058-3006 15-6278-9638,Luis Guillón,Buenos Aires,-34.79777145385742,-58.45338821411133,Turdera - Llavallol - Monte Grande - L.Guillón -M.Argentinas
"Lic. González Fraguas, Mariel Alejandra",French 225,mariel.gonzalezfraguas@gmail.com,15-6574-3815,Banfield,Buenos Aires,-34.742618560791016,-58.3974609375,Banfield - Temperley - San José-Lomas de Zamora - Ing. Budge
"Lic. González Fraguas, Mariel Alejandra",Dorrego 653,mariel.gonzalezfraguas@gmail.com,15-6574-3815,Monte Grande,Buenos Aires,-34.82190704345703,-58.466835021972656,Turdera - Llavallol - Monte Grande - L.Guillón -M.Argentinas
"Lic. Luchetti, Yanina Laura",Molina Arrotea 1340,yaninaluchetti@gmail.com,15-3666-6952,Lomas de Zamora,Buenos Aires,-34.766929626464844,-58.41783905029297,Banfield - Temperley - San José-Lomas de Zamora - Ing. Budge
"Lic. Galloni, Carolina Andrea",Lavalle 596,carolinagalloni@hotmail.com,15-6520-2080,Temperley,Buenos Aires,-34.77546310424805,-58.40524673461914,Banfield - Temperley - San José-Lomas de Zamora - Ing. Budge
"Lic. Bacaro, Valeria","Juan B. Palaá 622 5° ""B""",valecj111213@gmail.com,15-4087-2100,Avellaneda,Buenos Aires,-34.66472625732422,-58.368289947509766,Avellaneda - Dock Sud - Gerli - Piñeyro
"Lic. Vergatti, Verónica N.","Castro Barros 171 1° ""A""",veronicavergatti@yahoo.com,15-6507-3799,Bernal Este,Buenos Aires,-34.71315002441406,-58.282772064208984,Don Bosco - Bernal
"Lic. Di Noto Roque, María Mercedes","Brandsen 253 P.B. ""1""",m_mercedesdr@hotmail.com,15-6714-2890,Quilmes Este,Buenos Aires,-34.726497650146484,-58.252384185791016,Quilmes - Ezpeleta
"Lic. Choque Núñez, Lorena Analía",Nicolás Videla 35,lorepsico2006@gmail.com,15-6950-4963,Quilmes Este,Buenos Aires,-34.721866607666016,-58.2617301940918,Quilmes - Ezpeleta
"Lic. Vidal, Mario",34 N° 553 1° Timbre 1,,0221-4240836/155619702,La Plata,Buenos Aires,-34.90122985839844,-57.965457916259766,La Plata
"Lic. Zamparolo, Pamela",Quintana 144,,(0236) 15-4312995,Junín,Buenos Aires,-34.59022903442383,-60.9438362121582,Junín y alrededores
"Lic. Fadón, Yanina","48 N° 630 3° ""B""",,(0221) 489-7225 (0221) 155232283,La Plata,Buenos Aires,-34.91431427001953,-57.951568603515625,La Plata
"Lic. Prola, Maricel",Primera Junta 57,,(03407) 15-444322,Villa Ramallo,Buenos Aires,-33.499786376953125,-60.06827926635742,Villa Ramallo
"Lic. Prola, Maricel",Rivadavia 529,,(03407) 15-444322,Villa Ramallo,Buenos Aires,-33.49843978881836,-60.06151580810547,Villa Ramallo
"Lic. Nazabal, María Florencia",Cabrera 1351,,(03329)48-1287,Baradero,Buenos Aires,-33.81232833862305,-59.50160217285156,Baradero
"Lic. Deppeler, María Luz",25 de Mayo 868,,(03329) 15-667679 solo WhatsApp,San Pedro,Buenos Aires,-33.678714752197266,-59.666648864746094,San Pedro
"Lic. Lorenzo, Jorgelina",Calle 13 N° 341,,3487-346662,Lima,Buenos Aires,-34.04999923706055,-59.20000076293945,Lima
"Lic. Di Paolo, Natalia",Mitre 566,,(0336)15451-3880,San Nicolás,Buenos Aires,-33.337772369384766,-60.225868225097656,San Nicolás
"Lic. Palladino, María Florencia",Justa Lima 2360,,(03487) 15-612285,Zárate,Buenos Aires,-34.113346099853516,-59.01049041748047,Zárate
"Lic. VILLAFAÑEZ, ROMINA MARIBEL",AVDA GRAL MARTIN MIGUEL DE GUEMES 630,,(0383) 493-7145,San Fernando del Valle,Catamarca,Latitud no disponible,Longitud no disponible,Catamarca
"Lic. VILLAGRA, CECILIA ANDREA",9 DE JULIO 472,,(0383) 438-2134,San Fernando del Valle,Catamarca,-28.46617889404297,-65.77247619628906,Catamarca
"Lic. CHIAPELLO, VICTORIA",BUENOS AIRES 847,,(0383) 451-1875,San Fernando del Valle,Catamarca,-28.478492736816406,-65.77439880371094,Catamarca
"Lic. Morilla, Victoria Macarena",Colón 51,,(0362) 15-415-9838,Resistencia,Chaco,-27.45458984375,-58.9835090637207,Resistencia
"Lic. Roman, Adriana Marina",Av. Sarmiento 293,,(0379) 15-493-1891,Pdcia. Roque Saenz Peña,Chaco,-26.79427146911621,-60.4404296875,Pdcia. Roque Sáenz Peña y alrededores
"Lic. Juárez, María Alejandra",Avda. Velez Sarsfield 5550 Mza. 20 Lote 14 B° Tejas II,mariaalejandrajuarez11@gmail.com,(0351) 153-874753,Córdoba Capital,Córdoba,-31.4808349609375,-64.20282745361328,Córdoba Capital
"Lic. Bercovich, Carola",Francisco Losa Bravo 3205 B° Altos de Villa Cabrera,cbercovich@hotmail.com,(0351) 153-342741,Córdoba Capital,Córdoba,-31.382417678833008,-64.22124481201172,Córdoba Capital
"Lic. Deshayes, Pamela (dcides)","Nazaret 3182 1° ""1""",pameladeshayes@yahoo.com.ar,(0351) 155-466467 Centro DCIDES,Córdoba Capital,Córdoba,-31.391828536987305,-64.22628021240234,Córdoba Capital
"Lic. Sittner, Patricia Raquel",San Martín 360,,(0343) 490-1674,Gral. Ramírez,Entre Ríos,-32.17546844482422,-60.19906234741211,Gral. Ramírez
"Lic. Vendigni, Julieta Macarena",Moreno 158,,(011) 1566200507,San Antonio Oeste,Río Negro,-40.72927474975586,-64.94015502929688,San Antonio Oeste
"Lic. Babiez, María Florencia",9 de Julio 531,,(03878) 421-797,Orán,Salta,-23.128992080688477,-64.32298278808594,Orán y Alrededores
"Lic. Oviedo, Claudia Liliana",O´higgins 372,,(0387) 15-4030701,Salta Capital,Salta,Latitud no disponible,Longitud no disponible,Salta Capital
"Lic. Aguirre, Macarena Beatriz",España 1983,,(0381) 15-5393396,La Caldera,Salta,-24.600000381469727,-65.38333129882812,Salta Capital
"Lic. Lauxmann, Luciana Maria",Urquiza 1277,,(0342) 15-567-9164,Franck,Santa Fe,-31.593347549438477,-60.941917419433594,Franck y alrededores
"Lic. Vega, Sofia Anabel",Av. Alsina 455,,(0385) 154047670,Santiago del Estero,Santiago del Estero,-27.794931411743164,-64.25543212890625,Santiago del Estero
"Lic. Isame, Sonia Griselda","Independencia 153 P.B. ""3""",,(0385) 154166017,Santiago del Estero,Santiago del Estero,-27.78826332092285,-64.25834655761719,Santiago del Estero
"Lic. Borges, Agustina",Av. Alsina (O) 455,,(0385) 155833031,Santiago del Estero,Santiago del Estero,-27.794931411743164,-64.25543212890625,Santiago del Estero
"Lic. Guzman Avila, Maria de los Angeles",Chaco 678,,(0381) 154060297,Santiago del Estero,Santiago del Estero,-27.776750564575195,-64.26243591308594,Santiago del Estero
"Lic. Peralta Basualdo, Serena Sofia","24 de Septiembre 262 1° ""1""",,(0385) 155052421,Santiago del Estero,Santiago del Estero,-27.7899112701416,-64.25846099853516,Santiago del Estero
"Lic. Manzur, Daniela Veronica",Salta 646,,(0385) 421-2815 (0385) 154163534,Santiago del Estero,Santiago del Estero,-27.781803131103516,-64.25688171386719,Santiago del Estero
"Lic. Avila, Lucrecia Mariana","Mitre 152 2° ""A""",,(0385) 154163727,Santiago del Estero,Santiago del Estero,-27.790849685668945,-64.25672912597656,Santiago del Estero
"Lic. Yapur, Florencia",25 de Mayo 445,,(0385) 154268518,Santiago del Estero,Santiago del Estero,-27.789243698120117,-64.2527847290039,Santiago del Estero
"Lic. Duran, Maria Noelia",Absalon Rojas 916,,(0385) 4258888 / 4213710 / 4212358 (0385) 155806999,Santiago del Estero,Santiago del Estero,-27.778491973876953,-64.26879119873047,Santiago del Estero
"Lic. Contreras, Cristina Elizabeth","Independencia 252 3° ""A""",,(0385) 154934595,Santiago del Estero,Santiago del Estero,-27.789047241210938,-64.25736999511719,Santiago del Estero
"Lic. Orozco, Maria Gabriela",Mitre 279,,(0385) 421-2767 (0385) 421-4652 (0385) 155938904 (0385) 155834127,Santiago del Estero,Santiago del Estero,-27.790019989013672,-64.25493621826172,Santiago del Estero
"Lic. Galvan, Blanca Soledad",Av. Moreno (N) 182,,(0385) 155343015,Santiago del Estero,Santiago del Estero,-27.784631729125977,-64.2701187133789,Santiago del Estero
"Lic. Peralta, Rocio Milena","Mendoza 70 P.B. ""A""",rocioperaltaferro@gmail.com,(0385) 154386840,Santiago del Estero,Santiago del Estero,-27.792449951171875,-64.25668334960938,Santiago del Estero
"Lic. Luna, Cesar Fernando",Saenz Peña 120,,(0385) 155801000,La Banda,Santiago del Estero,-27.732070922851562,-64.24220275878906,La Banda
"Lic. Gonzalez, Mariela Carmen",25 de Mayo 365,,(0385) 425-4572 (0385) 154785364 WhatsApp (0385) 156885282 WhatsApp,Santiago del Estero,Santiago del Estero,-27.78857421875,-64.25369262695312,Santiago del Estero
"Lic. Chaud, Claudia Beatriz",Perú 262,,(0385) 422-5833 (0385) 154388660,Santiago del Estero,Santiago del Estero,-27.782958984375,-64.2602767944336,Santiago del Estero
"Lic. Espeche Turbay, Elisa Liliana",Granadero Saavedra 546,,(0385) 155019849,Santiago del Estero,Santiago del Estero,-27.79672622680664,-64.2624282836914,Santiago del Estero
"Lic. Fili Saavedra, Paola Alejandra",Jujuy 623,,(0385) 154829383,Santiago del Estero,Santiago del Estero,-27.780946731567383,-64.25797271728516,Santiago del Estero
"Lic. Cortez, Franco Daniel",Alvear 345,,(0351) 152354724,Frías,Santiago del Estero,-28.63376808166504,-65.13202667236328,Frías
"Lic. Escobar, Myrna Paola del Valle",Saenz Peña 120,,(0385) 154835289,La Banda,Santiago del Estero,-27.732070922851562,-64.24220275878906,La Banda
"Lic. Gomez Arce, Eliana Belen",Av. Alsina (O) 792,,(0385) 155913683,Santiago del Estero,Santiago del Estero,-27.798030853271484,-64.25933837890625,Santiago del Estero
"Lic. Storniolo Escobar, Liliana Romina",Congreso 186,,(0385) 421-9846 (0385) 154896485,Santiago del Estero,Santiago del Estero,-27.79317855834961,-64.25996398925781,Santiago del Estero
"Lic. Ruzo, Ana Carolina",Catamarca 133,,(0385) 421-6870 (0385) 154164567,Santiago del Estero,Santiago del Estero,-27.793134689331055,-64.25505065917969,Santiago del Estero
"Lic. Romaní, Alejandra",Nicolino Locche 374 B° Saint Germain,,(0385) 155389691,Santiago del Estero,Santiago del Estero,-27.847755432128906,-64.25138854980469,Santiago del Estero
"Lic. Ordoñez Beltran, Milagros",Absalon Rojas 811,,(0385) 154040355,Santiago del Estero,Santiago del Estero,-27.779035568237305,-64.26771545410156,Santiago del Estero
"Lic. Auat, Fernanda del Valle","Av. Moreno (S) 315 1° ""B""",,(0385) 154893161,Santiago del Estero,Santiago del Estero,-27.78338050842285,-64.27099609375,Santiago del Estero
"Lic. Seva Montero, Viviana Guadalupe",Av. Moreno (S) 1358,,(0385) 155095747,Santiago del Estero,Santiago del Estero,-27.78333282470703,-64.26667022705078,Santiago del Estero
"Lic. Coria, Valeria Anali",Alem 361,,(0385) 427-1460 (0385) 155057974,La Banda,Santiago del Estero,-27.72917938232422,-64.23701477050781,La Banda
"Lic. Coria, Valeria Anali",Congreso 186,,(0385) 155057974,Santiago del Estero,Santiago del Estero,-27.79317855834961,-64.25996398925781,Santiago del Estero
"Lic. Flores, Cintya Belen",Pellegrini 357,,(0385) 154897876,La Banda,Santiago del Estero,-27.728443145751953,-64.23603820800781,La Banda
"Lic. Canceco, Edith Alejandra",Independencia 341,,(0385) 155186190,Santiago del Estero,Santiago del Estero,-27.79007339477539,-64.25672912597656,Santiago del Estero
"Lic. Bulgarelli, Silvina Paola",Mendoza 43,,(0385) 154179936,Santiago del Estero,Santiago del Estero,-27.792783737182617,-64.25685119628906,Santiago del Estero
"Lic. Bulgarelli, Silvina Paola",Uriarte 435,,(0385) 154179936,La Banda,Santiago del Estero,-27.732892990112305,-64.24847412109375,La Banda
"Lic. Amado, Rita Carolina",Catamarca 133,,(0385) 421-6870 (0385) 155748362,Santiago del Estero,Santiago del Estero,-27.793134689331055,-64.25505065917969,Santiago del Estero
"Lic. Amado, Rita Carolina",Amadeo Jacques (N) 175,,(0385) 155748362,La Banda,Santiago del Estero,-27.743228912353516,-64.25250244140625,La Banda
